{
  "loss": [
    0.2545012831687927,
    0.10746560245752335,
    0.07309652119874954,
    0.05657997354865074,
    0.042455513030290604
  ],
  "val_loss": [
    0.10579392313957214,
    0.0930921733379364,
    0.08324795216321945,
    0.09391690045595169,
    0.09262467175722122
  ],
  "accuracy": [
    0.924907386302948,
    0.9672222137451172,
    0.977055549621582,
    0.9827407598495483,
    0.985962986946106
  ],
  "val_accuracy": [
    0.9691666960716248,
    0.9723333120346069,
    0.9750000238418579,
    0.9733333587646484,
    0.9758333563804626
  ],
  "test_accuracy": 0.9743000268936157,
  "test_loss": 0.08952402323484421
}